{
  "_GO": 0, 
  "_EOS": 1, 
  "_UNK": 2, 
  "_PAD": 3, 
  ".": 4, 
  "i": 5, 
  "the": 6, 
  ",": 7, 
  "a": 8, 
  "to": 9, 
  "for": 10, 
  "?": 11, 
  "you": 12, 
  "that": 13, 
  "[value_count]": 14, 
  "need": 15, 
  "and": 16, 
  "in": 17, 
  "please": 18, 
  "am": 19, 
  "can": 20, 
  "me": 21, 
  "would": 22, 
  "[value_day]": 23, 
  "is": 24, 
  "[value_time]": 25, 
  "[value_place]": 26, 
  "thank": 27, 
  "on": 28, 
  "yes": 29, 
  "it": 30, 
  "looking": 31, 
  "like": 32, 
  "[value_area]": 33, 
  "of": 34, 
  "all": 35, 
  "be": 36, 
  "!": 37, 
  "also": 38, 
  "book": 39, 
  "restaurant": 40, 
  "number": 41, 
  "no": 42, 
  "have": 43, 
  "[value_pricerange]": 44, 
  "train": 45, 
  "help": 46, 
  "thanks": 47, 
  "s": 48, 
  "hotel": 49, 
  "will": 50, 
  "at": 51, 
  "people": 52, 
  "from": 53, 
  "not": 54, 
  "do": 55, 
  "place": 56, 
  "what": 57, 
  "find": 58, 
  "[value_food]": 59, 
  "free": 60, 
  "there": 61, 
  "get": 62, 
  "by": 63, 
  "great": 64, 
  "price": 65, 
  "town": 66, 
  "address": 67, 
  "phone": 68, 
  "with": 69, 
  "about": 70, 
  "food": 71, 
  "your": 72, 
  "nights": 73, 
  "could": 74, 
  "want": 75, 
  "any": 76, 
  "leave": 77, 
  "postcode": 78, 
  "just": 79, 
  "range": 80, 
  "area": 81, 
  "time": 82, 
  "stay": 83, 
  "go": 84, 
  "-s": 85, 
  "much": 86, 
  "reference": 87, 
  "as": 88, 
  "parking": 89, 
  "should": 90, 
  "are": 91, 
  "after": 92, 
  "taxi": 93, 
  "arrive": 94, 
  "so": 95, 
  "goodbye": 96, 
  "[restaurant_name]": 97, 
  "an": 98, 
  "star": 99, 
  "give": 100, 
  "how": 101, 
  "today": 102, 
  "wifi": 103, 
  "sounds": 104, 
  "starting": 105, 
  "but": 106, 
  "information": 107, 
  "does": 108, 
  "guesthouse": 109, 
  "same": 110, 
  "if": 111, 
  "leaving": 112, 
  "[attraction_name]": 113, 
  "[hotel_name]": 114, 
  "i'll": 115, 
  "needed": 116, 
  "table": 117, 
  "day": 118, 
  "good": 119, 
  "some": 120, 
  "going": 121, 
  "type": 122, 
  "their": 123, 
  "my": 124, 
  "tell": 125, 
  "reservation": 126, 
  "now": 127, 
  "something": 128, 
  "fee": 129, 
  "entrance": 130, 
  "priced": 131, 
  "try": 132, 
  "sure": 133, 
  "attraction": 134, 
  "fine": 135, 
  "serves": 136, 
  "travel": 137, 
  "recommend": 138, 
  "actually": 139, 
  "-ly": 140, 
  "make": 141, 
  "know": 142, 
  "hi": 143, 
  "well": 144, 
  "called": 145, 
  "okay": 146, 
  "part": 147, 
  "booking": 148, 
  "very": 149, 
  "this": 150, 
  "departing": 151, 
  "was": 152, 
  "really": 153, 
  "think": 154, 
  "museum": 155, 
  "everything": 156, 
  "matter": 157, 
  "ok": 158, 
  "has": 159, 
  "tickets": 160, 
  "take": 161, 
  "care": 162, 
  "include": 163, 
  "they": 164, 
  "stars": 165, 
  "too": 166, 
  "visit": 167, 
  "rating": 168, 
  "hello": 169, 
  "let": 170, 
  "we": 171, 
  "provide": 172, 
  "eat": 173, 
  "side": 174, 
  "bye": 175, 
  "perfect": 176, 
  "available": 177, 
  "prefer": 178, 
  "room": 179, 
  "college": 180, 
  "anything": 181, 
  "depart": 182, 
  "long": 183, 
  "contact": 184, 
  "then": 185, 
  "may": 186, 
  "instead": 187, 
  "nice": 188, 
  "leaves": 189, 
  "car": 190, 
  "between": 191, 
  "located": 192, 
  "center": 193, 
  "work": 194, 
  "sorry": 195, 
  "id": 196, 
  "internet": 197, 
  "person": 198, 
  "ticket": 199, 
  "preference": 200, 
  "them": 201, 
  "dine": 202, 
  "where": 203, 
  "info": 204, 
  "been": 205, 
  "pick": 206, 
  "trip": 207, 
  "or": 208, 
  "arriving": 209, 
  "booked": 210, 
  "out": 211, 
  "up": 212, 
  "attractions": 213, 
  "check": 214, 
  "departure": 215, 
  "night": 216, 
  "particular": 217, 
  "see": 218, 
  "again": 219, 
  "more": 220, 
  "arrives": 221, 
  "traveling": 222, 
  "right": 223, 
  "which": 224, 
  "serve": 225, 
  "us": 226, 
  "city": 227, 
  "entertainment": 228, 
  "arrival": 229, 
  "needs": 230, 
  "those": 231, 
  "possible": 232, 
  "code": 233, 
  "oh": 234, 
  "finding": 235, 
  "nope": 236, 
  "though": 237, 
  "look": 238, 
  "helpful": 239, 
  "planning": 240, 
  "near": 241, 
  "somewhere": 242, 
  "interested": 243, 
  "staying": 244, 
  "before": 245, 
  "suggest": 246, 
  "hospital": 247, 
  "reserve": 248, 
  "yet": 249, 
  "send": 250, 
  "else": 251, 
  "first": 252, 
  "when": 253, 
  "post": 254, 
  "name": 255, 
  "set": 256, 
  "you've": 257, 
  "yeah": 258, 
  "commute": 259, 
  "either": 260, 
  "while": 261, 
  "other": 262, 
  "location": 263, 
  "park": 264, 
  "appreciate": 265, 
  "maybe": 266, 
  "group": 267, 
  "trying": 268, 
  "mind": 269, 
  "its": 270, 
  "museums": 271, 
  "trains": 272, 
  "station": 273, 
  "house": 274, 
  "thats": 275, 
  "later": 276, 
  "another": 277, 
  "love": 278, 
  "pool": 279, 
  "myself": 280, 
  "wonderful": 281, 
  "cost": 282, 
  "around": 283, 
  "serving": 284, 
  "best": 285, 
  "kind": 286, 
  "local": 287, 
  "departs": 288, 
  "heading": 289, 
  "sports": 290, 
  "architecture": 291, 
  "suggestions": 292, 
  "options": 293, 
  "favorite": 294, 
  "colleges": 295, 
  "guest": 296, 
  "only": 297, 
  "coming": 298, 
  "theatre": 299, 
  "nightclub": 300, 
  "assistance": 301, 
  "still": 302, 
  "interesting": 303, 
  "guesthouses": 304, 
  "preferably": 305, 
  "swimming": 306, 
  "able": 307, 
  "choose": 308, 
  "fun": 309, 
  "hoping": 310, 
  "awesome": 311, 
  "works": 312, 
  "close": 313, 
  "got": 314, 
  "needing": 315, 
  "goes": 316, 
  "cuisine": 317, 
  "recommendation": 318, 
  "specific": 319, 
  "than": 320, 
  "ahead": 321, 
  "lot": 322, 
  "offer": 323, 
  "call": 324, 
  "nothing": 325, 
  "that'll": 326, 
  "multiple": 327, 
  "police": 328, 
  "into": 329, 
  "[train_id]": 330, 
  "guess": 331, 
  "reservations": 332, 
  "different": 333, 
  "destination": 334, 
  "both": 335, 
  "sometime": 336, 
  "alright": 337, 
  "boat": 338, 
  "did": 339, 
  "we'll": 340, 
  "excellent": 341, 
  "cinema": 342, 
  "open": 343, 
  "once": 344, 
  "cannot": 345, 
  "helping": 346, 
  "party": 347, 
  "offers": 348, 
  "confirm": 349, 
  "wanted": 350, 
  "lets": 351, 
  "necessary": 352, 
  "wait": 353, 
  "nearby": 354, 
  "seats": 355, 
  "visiting": 356, 
  "total": 357, 
  "im": 358, 
  "were": 359, 
  "closest": 360, 
  "many": 361, 
  "[hospital_name]": 362, 
  "whatever": 363, 
  "here": 364, 
  "hmm": 365, 
  "back": 366, 
  "thing": 367, 
  "heard": 368, 
  "little": 369, 
  "ready": 370, 
  "picked": 371, 
  "recommendations": 372, 
  "earlier": 373, 
  "[hospital_department]": 374, 
  "use": 375, 
  "beginning": 376, 
  "rated": 377, 
  "end": 378, 
  "american": 379, 
  "believe": 380, 
  "least": 381, 
  "might": 382, 
  "department": 383, 
  "things": 384, 
  "moment": 385, 
  "anytime": 386, 
  "definitely": 387, 
  "nearest": 388, 
  "someplace": 389, 
  "ride": 390, 
  "important": 391, 
  "rooms": 392, 
  "locate": 393, 
  "our": 394, 
  "wondering": 395, 
  "headed": 396, 
  "dinner": 397, 
  "said": 398, 
  "perhaps": 399
}