{
  "0": "_GO", 
  "1": "_EOS", 
  "2": "_UNK", 
  "3": "_PAD", 
  "4": ".", 
  "5": "i", 
  "6": "the", 
  "7": ",", 
  "8": "a", 
  "9": "to", 
  "10": "for", 
  "11": "?", 
  "12": "you", 
  "13": "that", 
  "14": "[value_count]", 
  "15": "need", 
  "16": "and", 
  "17": "in", 
  "18": "please", 
  "19": "am", 
  "20": "can", 
  "21": "me", 
  "22": "would", 
  "23": "[value_day]", 
  "24": "is", 
  "25": "[value_time]", 
  "26": "[value_place]", 
  "27": "thank", 
  "28": "on", 
  "29": "yes", 
  "30": "it", 
  "31": "looking", 
  "32": "like", 
  "33": "[value_area]", 
  "34": "of", 
  "35": "all", 
  "36": "be", 
  "37": "!", 
  "38": "also", 
  "39": "book", 
  "40": "restaurant", 
  "41": "number", 
  "42": "no", 
  "43": "have", 
  "44": "[value_pricerange]", 
  "45": "train", 
  "46": "help", 
  "47": "thanks", 
  "48": "s", 
  "49": "hotel", 
  "50": "will", 
  "51": "at", 
  "52": "people", 
  "53": "from", 
  "54": "not", 
  "55": "do", 
  "56": "place", 
  "57": "what", 
  "58": "find", 
  "59": "[value_food]", 
  "60": "free", 
  "61": "there", 
  "62": "get", 
  "63": "by", 
  "64": "great", 
  "65": "price", 
  "66": "town", 
  "67": "address", 
  "68": "phone", 
  "69": "with", 
  "70": "about", 
  "71": "food", 
  "72": "your", 
  "73": "nights", 
  "74": "could", 
  "75": "want", 
  "76": "any", 
  "77": "leave", 
  "78": "postcode", 
  "79": "just", 
  "80": "range", 
  "81": "area", 
  "82": "time", 
  "83": "stay", 
  "84": "go", 
  "85": "-s", 
  "86": "much", 
  "87": "reference", 
  "88": "as", 
  "89": "parking", 
  "90": "should", 
  "91": "are", 
  "92": "after", 
  "93": "taxi", 
  "94": "arrive", 
  "95": "so", 
  "96": "goodbye", 
  "97": "[restaurant_name]", 
  "98": "an", 
  "99": "star", 
  "100": "give", 
  "101": "how", 
  "102": "today", 
  "103": "wifi", 
  "104": "sounds", 
  "105": "starting", 
  "106": "but", 
  "107": "information", 
  "108": "does", 
  "109": "guesthouse", 
  "110": "same", 
  "111": "if", 
  "112": "leaving", 
  "113": "[attraction_name]", 
  "114": "[hotel_name]", 
  "115": "i'll", 
  "116": "needed", 
  "117": "table", 
  "118": "day", 
  "119": "good", 
  "120": "some", 
  "121": "going", 
  "122": "type", 
  "123": "their", 
  "124": "my", 
  "125": "tell", 
  "126": "reservation", 
  "127": "now", 
  "128": "something", 
  "129": "fee", 
  "130": "entrance", 
  "131": "priced", 
  "132": "try", 
  "133": "sure", 
  "134": "attraction", 
  "135": "fine", 
  "136": "serves", 
  "137": "travel", 
  "138": "recommend", 
  "139": "actually", 
  "140": "-ly", 
  "141": "make", 
  "142": "know", 
  "143": "hi", 
  "144": "well", 
  "145": "called", 
  "146": "okay", 
  "147": "part", 
  "148": "booking", 
  "149": "very", 
  "150": "this", 
  "151": "departing", 
  "152": "was", 
  "153": "really", 
  "154": "think", 
  "155": "museum", 
  "156": "everything", 
  "157": "matter", 
  "158": "ok", 
  "159": "has", 
  "160": "tickets", 
  "161": "take", 
  "162": "care", 
  "163": "include", 
  "164": "they", 
  "165": "stars", 
  "166": "too", 
  "167": "visit", 
  "168": "rating", 
  "169": "hello", 
  "170": "let", 
  "171": "we", 
  "172": "provide", 
  "173": "eat", 
  "174": "side", 
  "175": "bye", 
  "176": "perfect", 
  "177": "available", 
  "178": "prefer", 
  "179": "room", 
  "180": "college", 
  "181": "anything", 
  "182": "depart", 
  "183": "long", 
  "184": "contact", 
  "185": "then", 
  "186": "may", 
  "187": "instead", 
  "188": "nice", 
  "189": "leaves", 
  "190": "car", 
  "191": "between", 
  "192": "located", 
  "193": "center", 
  "194": "work", 
  "195": "sorry", 
  "196": "id", 
  "197": "internet", 
  "198": "person", 
  "199": "ticket", 
  "200": "preference", 
  "201": "them", 
  "202": "dine", 
  "203": "where", 
  "204": "info", 
  "205": "been", 
  "206": "pick", 
  "207": "trip", 
  "208": "or", 
  "209": "arriving", 
  "210": "booked", 
  "211": "out", 
  "212": "up", 
  "213": "attractions", 
  "214": "check", 
  "215": "departure", 
  "216": "night", 
  "217": "particular", 
  "218": "see", 
  "219": "again", 
  "220": "more", 
  "221": "arrives", 
  "222": "traveling", 
  "223": "right", 
  "224": "which", 
  "225": "serve", 
  "226": "us", 
  "227": "city", 
  "228": "entertainment", 
  "229": "arrival", 
  "230": "needs", 
  "231": "those", 
  "232": "possible", 
  "233": "code", 
  "234": "oh", 
  "235": "finding", 
  "236": "nope", 
  "237": "though", 
  "238": "look", 
  "239": "helpful", 
  "240": "planning", 
  "241": "near", 
  "242": "somewhere", 
  "243": "interested", 
  "244": "staying", 
  "245": "before", 
  "246": "suggest", 
  "247": "hospital", 
  "248": "reserve", 
  "249": "yet", 
  "250": "send", 
  "251": "else", 
  "252": "first", 
  "253": "when", 
  "254": "post", 
  "255": "name", 
  "256": "set", 
  "257": "you've", 
  "258": "yeah", 
  "259": "commute", 
  "260": "either", 
  "261": "while", 
  "262": "other", 
  "263": "location", 
  "264": "park", 
  "265": "appreciate", 
  "266": "maybe", 
  "267": "group", 
  "268": "trying", 
  "269": "mind", 
  "270": "its", 
  "271": "museums", 
  "272": "trains", 
  "273": "station", 
  "274": "house", 
  "275": "thats", 
  "276": "later", 
  "277": "another", 
  "278": "love", 
  "279": "pool", 
  "280": "myself", 
  "281": "wonderful", 
  "282": "cost", 
  "283": "around", 
  "284": "serving", 
  "285": "best", 
  "286": "kind", 
  "287": "local", 
  "288": "departs", 
  "289": "heading", 
  "290": "sports", 
  "291": "architecture", 
  "292": "suggestions", 
  "293": "options", 
  "294": "favorite", 
  "295": "colleges", 
  "296": "guest", 
  "297": "only", 
  "298": "coming", 
  "299": "theatre", 
  "300": "nightclub", 
  "301": "assistance", 
  "302": "still", 
  "303": "interesting", 
  "304": "guesthouses", 
  "305": "preferably", 
  "306": "swimming", 
  "307": "able", 
  "308": "choose", 
  "309": "fun", 
  "310": "hoping", 
  "311": "awesome", 
  "312": "works", 
  "313": "close", 
  "314": "got", 
  "315": "needing", 
  "316": "goes", 
  "317": "cuisine", 
  "318": "recommendation", 
  "319": "specific", 
  "320": "than", 
  "321": "ahead", 
  "322": "lot", 
  "323": "offer", 
  "324": "call", 
  "325": "nothing", 
  "326": "that'll", 
  "327": "multiple", 
  "328": "police", 
  "329": "into", 
  "330": "[train_id]", 
  "331": "guess", 
  "332": "reservations", 
  "333": "different", 
  "334": "destination", 
  "335": "both", 
  "336": "sometime", 
  "337": "alright", 
  "338": "boat", 
  "339": "did", 
  "340": "we'll", 
  "341": "excellent", 
  "342": "cinema", 
  "343": "open", 
  "344": "once", 
  "345": "cannot", 
  "346": "helping", 
  "347": "party", 
  "348": "offers", 
  "349": "confirm", 
  "350": "wanted", 
  "351": "lets", 
  "352": "necessary", 
  "353": "wait", 
  "354": "nearby", 
  "355": "seats", 
  "356": "visiting", 
  "357": "total", 
  "358": "im", 
  "359": "were", 
  "360": "closest", 
  "361": "many", 
  "362": "[hospital_name]", 
  "363": "whatever", 
  "364": "here", 
  "365": "hmm", 
  "366": "back", 
  "367": "thing", 
  "368": "heard", 
  "369": "little", 
  "370": "ready", 
  "371": "picked", 
  "372": "recommendations", 
  "373": "earlier", 
  "374": "[hospital_department]", 
  "375": "use", 
  "376": "beginning", 
  "377": "rated", 
  "378": "end", 
  "379": "american", 
  "380": "believe", 
  "381": "least", 
  "382": "might", 
  "383": "department", 
  "384": "things", 
  "385": "moment", 
  "386": "anytime", 
  "387": "definitely", 
  "388": "nearest", 
  "389": "someplace", 
  "390": "ride", 
  "391": "important", 
  "392": "rooms", 
  "393": "locate", 
  "394": "our", 
  "395": "wondering", 
  "396": "headed", 
  "397": "dinner", 
  "398": "said", 
  "399": "perhaps"
}